{
    "title": "Featured Podcast",
    "subTitle": "a sub title",
    "bodyText": [   //bodyText is an array
        {
            "header": "header text...",
            "text": " "
        },
        {
            "header": "header text...",
            "text": "  "
        },
        {
            "header": "header text...",
            "text": " "
        },
        {
            "header": "Podcast Description",
            "text": " "
        }
    ],
    "scrollText": "Some Scrolling Text....",
    
    "conclusion": "some bottom running text"
}